url,title,type,published,price,maintenance,size,bedrooms,bathrooms,broker,adress,google_maps_pin,secondary_attributes,description,rooms
https://www.portalinmobiliario.com/MLC-2205165358-vendo-departamento-en-renaca-_JM#position=8&search_layout=grid&type=item&tracking_id=d675778d-2c18-4b3c-8443-a65de47c04ea,Vendo Departamento En Reñaca,Departamento en Venta,Publicado hace 36 días,$215.000.000,Gastos comunes aproximados $ 90.000, 3 dormitorios,,,Globalbrokers,"Los Sargazos 285, Viña Del Mar, Chile, Reñaca, Viña Del Mar, Valparaíso",https://maps.googleapis.com/maps/api/staticmap?client=gme-mercadolibre&maptype=roadmap&scale=1&format=jpg&center=-32.9754771%2C-71.5415713&zoom=16&size=732x300&signature=A6O7bFeZnYXATsJoaB_YVUNsVjI=,"Terraza: Sí,Estacionamientos: 1,Admite mascotas: Sí,Bodegas: 1","¡Encuentra tu hogar perfecto en Viña del Mar con VICENZA AGENTE INMOBILIARIO!

Descubre la comodidad y lujo en este espacioso departamento de 3 dormitorios con una vista panorámica al mar en el prestigioso sector residencial de Viña del Mar. A solo pasos de la playa Reñaca, supermercados, transporte público, universidades y colegios, este lugar ofrece una ubicación privilegiada.

CARACTERÍSTICAS DESTACADAS:


	Superficie de 85 m2.
	3 dormitorios con closet.
	2 baños completos (principal en suite).
	Cocina tradicional totalmente amoblada.
	Amplio living-comedor con una terraza espaciosa.
	Estacionamiento subterráneo y bodega grande.


EXTRAS QUE MARCAN LA DIFERENCIA:


	Gastos comunes aproximados de $90,000.
	Contribuciones al día.
	Ubicado en el piso 17 con orientación norponiente.


EXPERIENCIA DE VIDA ÚNICA: Este exclusivo edificio ofrece una variedad de amenidades que incluyen jardines, una piscina exterior, sauna, gimnasio, lavandería, sala de eventos, sala de juegos, quinchos y accesos controlados con conserjería las 24 horas.

PARA AGENDAR TU VISITA: Contacta a CRISTIAN DIAZ TRONCOSO, nuestro experimentado agente inmobiliario de VICENZA. Se requiere acreditar interés real para la visita, presentando crédito preaprobado y/o financiamiento propio.

No pierdas la oportunidad de vivir en este paraíso residencial. ¡Contáctanos hoy mismo y haz realidad el sueño de tu nuevo hogar!", 2 baños
https://www.portalinmobiliario.com/MLC-2068919688-los-sargazos-renaca-vina-del-_JM#position=24&search_layout=grid&type=item&tracking_id=3ec4904f-5702-471f-bd11-5f33f69f5fde,"Los Sargazos, Reñaca, Viña Del",Departamento en Venta,Publicado hace 3 meses,$127.000.000,, 2 dormitorios,,,Cpval Ag,"Reñaca, Viña Del Mar, Valparaíso",https://maps.googleapis.com/maps/api/staticmap?client=gme-mercadolibre&maptype=roadmap&scale=1&format=jpg&center=-32.9834319%2C-71.5342083&zoom=16&size=732x300&signature=DKq6FCwbOW01pNXwZch933jN_RY=,"Admite mascotas: No,Bodegas: 0,Estacionamientos: 1","Vendo cómodo departamento en Condominio muy seguro.

La propiedad consta de:

- Living-comedor
- Dos (2) Dormitorios
- Dormitorio principal en suite
- Dos Baños
- Terraza
- Cocina americana
- Un estacionamiento
- Sin Bodega
- 60 mts aprox.

El inmueble se ubica en un Condominio conformado por varias torres de
edificios cuya característica principal son los amplios espacios de áreas
verdes en donde puede disfrutar de agradables caminatas y respirar
aire puro dado el gran terreno con mucha vegetación y una gran
multicancha donde se pueden practicar varios deportes.

El condominio cuenta además con salas gourmet, tres grandes piscinas
con toboganes, lavanderías, quinchos y terrazas panorámicas en cada
edificio, además de control de accesos a todo el condominio.

Posee excelente ubicación, cercano a supermercados, clínicas, universidades,
colegios del sector y locomoción a la puerta.

Agendar visitas con:

Pamela Rojas Jiroz
+569 9746 7864", 2 baños
https://www.portalinmobiliario.com/MLC-2209533472-se-vende-departamento-en-renaca-centro-_JM#position=3&search_layout=grid&type=item&tracking_id=da4da41a-10d8-49ac-ab8b-e4d91c59e20d,Se Vende Departamento En Reñaca Centro,Departamento en Venta,Publicado hace 34 días,UF3.600,Gastos comunes aproximados $ 115.000, 2 dormitorios,,,Globalbrokers,"Aníbal Pinto 139, Viña Del Mar, Chile, Reñaca, Viña Del Mar, Valparaíso",https://maps.googleapis.com/maps/api/staticmap?client=gme-mercadolibre&maptype=roadmap&scale=1&format=jpg&center=-32.9737511%2C-71.5342125&zoom=16&size=732x300&signature=to8TOt_BfqZn3IibwQNrZhTnmqw=,"Terraza: Sí,Estacionamientos: 1,Admite mascotas: Sí,Bodegas: 1","¡Encuentra tu hogar ideal en el corazón de Reñaca con VICENZA AGENTE INMOBILIARIO!

Te presentamos la oportunidad de adquirir un acogedor departamento de 60 m2 en uno de los mejores sectores residenciales de Reñaca. Este luminoso y amplio hogar cuenta con una excelente conectividad y se encuentra estratégicamente ubicado a pasos de supermercados, transporte público, universidades y colegios.

Características del Departamento:


	2 dormitorios con closet cada uno.
	2 baños completos (principal en suite).
	Cocina tradicional completamente amoblada.
	Living-comedor con elegante piso flotante.


Otros Detalles:


	Gastos comunes aproximados de $115.000.
	Ubicado en el tercer piso con una orientación norponiente, asegurando una iluminación perfecta.
	Edificio con accesos controlados y conserjería las 24/7 para tu seguridad y tranquilidad.


Ubicación Privilegiada: Disfruta de la cercanía a la Clínica Reñaca, establecimientos educacionales en todos los niveles, hermosas playas, farmacias, variado comercio, bancos y supermercados. Vive en un entorno que lo tiene todo a tu alcance.

Coordina Tu Visita con Nuestro Profesional: Cristian Díaz Troncoso, tu asesor de confianza en VICENZA AGENTE INMOBILIARIO, está listo para mostrarte este increíble departamento. No pierdas la oportunidad de conocer tu próximo hogar.

¡Contáctanos ahora para coordinar tu visita y dar el primer paso hacia la vida que siempre has soñado en Reñaca! VICENZA AGENTE INMOBILIARIO, tu mejor aliado para encontrar tu nuevo hogar.", 2 baños
https://www.portalinmobiliario.com/MLC-2131518018-departamento-en-venta-de-2-dorm-renaca-alto-vina-del-mar-_JM#position=40&search_layout=grid&type=item&tracking_id=23c9be82-8a14-4691-8e7a-cdda4a6c544c,Departamento En Venta De 2 Dorm. Reñaca Alto Viña Del Mar,Departamento en Venta,Publicado hace 2 meses por Kind Propiedades,UF8.100,Gastos comunes aproximados $ 100.000, 92 m² totales,,,Kind Propiedades,"Av. Edmundo Eluchans, Reñaca Alto, Playa Cochoa, Reñaca, Viña Del Mar, Valparaíso",https://maps.googleapis.com/maps/api/staticmap?client=gme-mercadolibre&maptype=roadmap&scale=1&format=jpg&center=-32.9569068%2C-71.5445787&zoom=16&size=732x300&signature=OBGOa7Yuir6Zv30eriorv2L8Inw=,"Orientación: Oriente,Piscina: Sí,Estacionamientos: 0,Número de piso de la unidad: 3,Ascensor: Sí,Terraza: Sí,Antigüedad: 3 años,Bodegas: 0","Excelente, luminoso y moderno departamento ubicado en primera línea de Av. Edmundo Eluchans, Reñaca. Posee una espectacular vista al mar y un concepto de amenities de primera línea.

Departamento de 75 m2 útiles aproximados que se vende completamente amoblado. Cuenta con living-comedor, acceso a gran terraza con espectacular vista, cocina con acceso a logia, encimera full eléctrica, dormitorio principal con clóset y baño con shower door, segundo dormitorio de excelente tamaño con clóset, segundo baño completo con tina.

El edificio ha sido pensado y desarrollado para la entretención de todos los integrantes de la familia, con un ambiente wellness reflejado en sus áreas comunes de relajación y ejercicio. En el exterior, se encuentra una fabulosa piscina sin fin y en el último piso está Infinity Sky, compuesto de 2 grandes salones habilitados para celebrar y disfrutar la vida en un horizonte infinito.

Características y terminaciones: hall de acceso doble altura. Porcelanato imitación madera, ventanas de PVC, kit full eléctrico, cubierta de granito en cocina, papel mural de 380 gramos, guardapolvos y junquillos enchapados en madera, barandas de cristal en terrazas. Cubierta de mármol en baño. Alarma en todos los departamentos y mirilla digital.

Equipamiento comunitario: gimnasio cardio, spa masculino y femenino, jacuzzi. Piscina indoor temperada y en exterior piscina infinita y otra piscina para niños, zona de asolamiento, parque con juegos infantiles y 2 ascensores más 1 clínico.

Lavandería y 2 quinchos gourmet.

VALOR DE VENTA INCLUYE 1 ESTACIONAMIENTO SUBTERRÁNEO.
NO ICLUYE BODEGA.

Contribuciones de $200.000 trimestrales aproximados.
Gastos Comunes de $100.000 mensuales aproximados.", 2 dormitorios
https://www.portalinmobiliario.com/MLC-2181720206-departamento-en-venta-de-4-dorm-en-renaca-_JM#position=27&search_layout=grid&type=item&tracking_id=b1722020-707e-437d-9544-5e9ac8c9470d,Departamento En Venta De 4 Dorm. En Reñaca,Departamento en Venta,Publicado hace 51 días,UF7.700,Gastos comunes aproximados $ 200.000, 119 m² totales,,,Fuenzalida Propiedades Reñaca,"Av Borgoño, Reñaca, Viña Del Mar, Valparaíso",https://maps.googleapis.com/maps/api/staticmap?client=gme-mercadolibre&maptype=roadmap&scale=1&format=jpg&center=-32.964152%2C-71.546197&zoom=16&size=732x300&signature=_oCoWTWNfLKqRhPqjMk3xBkX7Dg=,"Orientación: Poniente,Piscina: No,Admite mascotas: No,Antigüedad: 0 años,Bodegas: 1,Ascensor: Sí,Terraza: Sí,Estacionamientos: 1,Número de piso de la unidad: 19","Departamento en venta en Reñaca con espectacular vista al mar. Excelente oportunidad para inversionistas. La propiedad cuenta con 4 dormitorios amplios, 3 baños, cocina tradicional con logia, living comedor con salida a terraza, 1 estacionamiento y 1 bodega. Gastos comunes $ 200.000 aprox.", 4 dormitorios
